{"count":1,"self":56.9156032,"total":58.844963299999996,"children":{"AgentResetIfDone":{"count":2836,"self":0.0313373,"total":0.0313373,"children":null},"AgentSendState":{"count":2836,"self":0.0547012,"total":0.5937131,"children":{"CollectObservations":{"count":4375,"self":0.5390119,"total":0.5390119,"children":null}}},"DecideAction":{"count":2836,"self":1.1880637,"total":1.1880637,"children":null},"AcademyStep":{"count":2836,"self":0.0051854,"total":0.0051854,"children":null},"AgentAct":{"count":2836,"self":0.1110583,"total":0.1110583,"children":null}}}